ship_mode,total_orders,avg_shipping_days
First Class,1538,2.18270481144343
Same Day,543,0.0441988950276243
Second Class,1945,3.23804627249357
Standard Class,5968,5.00653485254692
